<?xml version="1.0" encoding="UTF-8"?>
<beans xmlns="http://www.springframework.org/schema/beans"
 xmlns:context="http://www.springframework.org/schema/context"
 xmlns:mvc="http://www.springframework.org/schema/mvc" xmlns:xsi="http://www.w3.org/2001/XMLSchema-instance"
 xsi:schemaLocation=" http://www.springframework.org/schema/beans http://www.springframework.org/schema/beans/spring-beans-3.0.xsd http://www.springframework.org/schema/context http://www.springframework.org/schema/context/spring-context-3.0.xsd http://www.springframework.org/schema/mvc http://www.springframework.org/schema/mvc/spring-mvc-3.0.xsd">

 <mvc:annotation-driven />

 <context:component-scan base-package="com.generatePDF.controller" />
 <!-- 
 <mvc:resources mapping="/css/**" location="/css/" />
 <mvc:resources mapping="/resources/**" location="/resources/" />
  -->
 <bean
  class="org.springframework.web.servlet.view.InternalResourceViewResolver">
  <property name="order" value="2"></property>
  <property name="prefix" value="/WEB-INF/pages/" />
  <property name="suffix" value=".jsp" />
 </bean>
 
 <bean id="viewResolver"
  class="org.springframework.web.servlet.view.ResourceBundleViewResolver">
  <property name="order" value="1"></property>
  <property name="basename" value="views"></property>
 </bean>
 
</beans>